epoch,train_eval_loss,train_accuracy,train_f1,test_loss,test_accuracy,test_f1
0,4.915400158275258,0.9915014164305949,0.006263157373154782,4.915400158275258,0.9915014164305949,0.006263157373154782
1,2.6496820864470108,28.125,0.16867853997046087,2.9563914754173974,26.345609065155806,0.14501868614493274
